{
    "mean": [
        0.29550614724337637,
        0.29551360156164697,
        0.29555525867974214
    ],
    "std": [
        0.3070126765218479,
        0.3070022937994384,
        0.3069954603553453
    ]
}